name1,score1,score2,name2
ï»¿Volovich Vasily,0,1,Nabaty Tamir
Grachev Boris,0.5,0.5,Kholopov Alexander A.
Rodchenkov Vitaly,0.5,0.5,Kokarev Dmitry
Vavulin Maksim,1,0,Uraev Ivan
Kovalev Egor,0,1,Frolyanov Dmitry
Savchenko Boris,1,0,Shubin Kirill
Nazaretyan Tigran,0,1,Timofeev Artyom
Levin Evgeny A.,1,0,Martynyuk Elizaveta
Rozhkov Viacheslav,0,1,Boruchovsky Avital
Mozharov Mikhail,1,0,Konaplev Anton
Hakobyan Hovhannes H.,0.5,0.5,Bocharov Ivan
Lomasov Semen,1,0,Marzano Carlo
Murzin Volodar,0,1,Tsydypov Zhamsaran
Ladva Ottomar,1,0,Tugarin Anton
Tarasov Oleg,0,1,Iljiushenok Ilia
Sorokin Aleksey,1,0,Primbetov Kazbek
Matyunin Maxim,0,1,Khegay Dmitriy
Matinian Nikita,1,0,Garayev Kanan
Geshko Aleksey,0,1,Belyakov Bogdan
Golubov Saveliy,1,0,Gurvich Vitaly
Suleymanli Aydin,0,1,Usmanov Vasily
Zakhartsov Vladimir,1,0,Salman Pavel
Zherebtsova Alexandra,0,1,Khanin Semen
Shinkevich Vitaly,1,0,Aleksanyan Hrant
Vysotskiy Oleg,0,1,Ivanov Oleg V
Lobanov Sergei,1,0,Fitiak Sergey
Rozanov Pavel B.,0,1,Drygalov Andrey
Baghdasaryan Vahe,1,0,Kesidis Odyseas
Shuvalov Evgenij,0,1,Shukh Nikolai
Oganian Miran,0.5,0.5,Skorodelov Semen
Ageichenko Genadi A,0,1,Sindarov Javokhir
Savenkov Konstantin,0.5,0.5,Mestnikov Aital
Mamatov Melis,0,1,Ushenina Anna
Faizrakhmanov Ramil,1,0,Pogorelskikh Sergey
Golikov Daniil,0,1,Kozionov Kirill
Gaifullin Artur,1,0,Pranizin Gennady
Kretov Evgenij,0,1,Samusenko Maksim
Ofitserian Boris,0.5,0.5,Dolsonov Ayusha
Marinskii Yurii,0,1,Zakaryan David
Fakhrutdinov Timur,1,0,Shaydullina Sandugach
Kavyev Ruslan,0.5,0.5,Yuferov Sergey N
Drygalov Sergey,0.5,0.5,Taalaibekov Tagir
Guliev Gasan,0,1,Nozdrachev Leonid
Harutjunyan Gevorg,1,0,Kutsanyan Andranik
Chernyak Viktoria,0,1,Yeletsky Ivan
Kukhmazov Arsen,0.5,0.5,Ganerdene Sugar
Makoveev Ilya,0,1,Vokhidov Shamsiddin
Kardashevskiy Evgeny,1,0,Manafov Vugar
Kukelko Alexey,0.5,0.5,Efanov Nikolai
Korchmar Vasiliy,1,0,Serikbay Assel
Tsybikov Tumen,1,0,Syrchikov Alexander
Gorbatov Alexej,1,0,Mrykhin Igor
Nurgali Nazerke,0,1,Sanzhaev Darsen
Naumkin Igor,0.5,0.5,Astafurov Arseniy
Cherenkov Andrey,1,0,Yagupov Igor
Murtazin Bulat,1,0,Ivanov Platon-Jaan
Poliakov Artem,0,1,Gubajdullin Alexei
Mischuk Dmitry,1,0,Zavialov Nikita A.
Lepaev Andrey,0.5,0.5,Assaubayeva Bibisara
Salemgareev Tagir,1,0,Ismagilov Damir
Marchuk Rostislav,1,0,Sattarov Bobir
Geivondian Arman,1,0,Fedotov Alexey
Priyanka K,0,1,Tekeyev Zaur
Saiyn Zhanat,1,0,Ufimtsev Egor
Chibukhchyan Erik,0.5,0.5,Muradli Mahammad
Mukhutdinov Tigran,1,0,Vinogradov Vladimir
Proleiko Julian,1,0,Beletsky Alexey
Saveliev Alexei,1,0,Averyanov Grigori
Yangutov Aleksey,0,1,Schekachikhin Maksim
Tsoi Dmitry,1,0,Dzyga Artem
Nuristani Iman,0,1,Karpenko Artem
Palachev Petr,1,0,Bujakevich Aleksandr
Bogaudinov Rushan,0,1,Afanasiev Nikita
Boiarintsev Vitaly,1,0,Odegov Artem
Kirillov Dmitry,0,1,Malyshev Grigory
Karpov Vadim,0.5,0.5,Ter-Saakian Grigorii
Mochalin Faddey,0.5,0.5,Nigmatov Ortik
Tran Minh Thang,1,0,Dudin Gleb
Perov German,1,0,Cherepanov Vladislav
Gukesh D,1,0,Chumachenko Alexander
Varshini V,0,1,Tarasov Alexandr
Skatchkov Valery,0.5,0.5,Smaglov Konstantin
Zaika Daniil,0.5,0.5,Bryakin Mikhail
Li Hong,0.5,0.5,Vetokhin Ilia
Khelemendik Roman,0,1,Saydaliev Saidakbar
Sirosh Ilja,0.5,0.5,Lauda Alexandr
Samadov Read,0,1,Bykov Egor
Urazayev Arystanbek,1,0,Efremov Vladislav
Khmelev Mikhail,0.5,0.5,Guerrero Sierra Juan Carlos
Sawlin Leonid,1,0,Shoboev Dandar
Larina Marija,0.5,0.5,Murtazin Ruslan
Mammadzada Gunay,1,0,Vasilyev Alexey
Vrtiakova Anna,0,1,Demianjuk Alexander
Zubkov Vsevolod,1,0,Burhanov Vassily
Borisenko Viacheslav,1,0,Ahmadov Orkhan
Erdenepurev Boldoo,1,0,Gavrilin Roman
Shoshin Kirill,0,1,Shapiro David
Bykov Oleg,1,0,Atakishiyev Elmar
Ivanov Artem T.,0,1,Smirnov Timofey
Sakulo Denis,1,0,Pavlov Mark
Rakshitta Ravi,0.5,0.5,Avalyan Artur
Balajayeva Khanim,1,0,Sokolov Ilia
Buniatyan David,0.5,0.5,Pogosyan Stefan
Lesovoi Evgenij,1,0,Kirushin Ivan
Ochirbat Lkhagvajamts,0,1,Davtyan Artur
Barseghyan Armen Ar.,0.5,0.5,Dvalishvili Pavel S.
Kalashian David,0.5,0.5,Korennoi Viktor
Yeritsyan Hayk,0,1,Babarykin Stanislav
Nabaty Tamir,1,0,Murtazin Bulat
Sanzhaev Darsen,0,1,Vavulin Maksim
Frolyanov Dmitry,1,0,Mischuk Dmitry
Gubajdullin Alexei,0,1,Savchenko Boris
Timofeev Artyom,0.5,0.5,Salemgareev Tagir
Geivondian Arman,0.5,0.5,Levin Evgeny A.
Boruchovsky Avital,0.5,0.5,Saiyn Zhanat
Tekeyev Zaur,0.5,0.5,Mozharov Mikhail
Mukhutdinov Tigran,0,1,Lomasov Semen
Tsydypov Zhamsaran,1,0,Saveliev Alexei
Schekachikhin Maksim,1,0,Ladva Ottomar
Iljiushenok Ilia,1,0,Tsoi Dmitry
Karpenko Artem,0.5,0.5,Sorokin Aleksey
Khegay Dmitriy,0.5,0.5,Palachev Petr
Afanasiev Nikita,1,0,Matinian Nikita
Belyakov Bogdan,1,0,Boiarintsev Vitaly
Malyshev Grigory,1,0,Golubov Saveliy
Usmanov Vasily,0,1,Tran Minh Thang
Gukesh D,0.5,0.5,Zakhartsov Vladimir
Khanin Semen,0,1,Urazayev Arystanbek
Tarasov Alexandr,0.5,0.5,Shinkevich Vitaly
Ivanov Oleg V,1,0,Sawlin Leonid
Saydaliev Saidakbar,0.5,0.5,Lobanov Sergei
Drygalov Andrey,0.5,0.5,Mammadzada Gunay
Bykov Egor,0.5,0.5,Baghdasaryan Vahe
Shukh Nikolai,1,0,Zubkov Vsevolod
Sindarov Javokhir,1,0,Borisenko Viacheslav
Ushenina Anna,0.5,0.5,Erdenepurev Boldoo
Demianjuk Alexander,0.5,0.5,Faizrakhmanov Ramil
Kozionov Kirill,1,0,Bykov Oleg
Babarykin Stanislav,0,1,Gaifullin Artur
Samusenko Maksim,1,0,Sakulo Denis
Zakaryan David,0,1,Balajayeva Khanim
Shapiro David,0,1,Fakhrutdinov Timur
Nozdrachev Leonid,0.5,0.5,Lesovoi Evgenij
Smirnov Timofey,0,1,Harutjunyan Gevorg
Yeletsky Ivan,1,0,Tsybikov Tumen
Vokhidov Shamsiddin,1,0,Cherenkov Andrey
Davtyan Artur,0.5,0.5,Kardashevskiy Evgeny
Marchuk Rostislav,0.5,0.5,Korchmar Vasiliy
Proleiko Julian,0.5,0.5,Gorbatov Alexej
Kokarev Dmitry,1,0,Perov German
Korennoi Viktor,0.5,0.5,Grachev Boris
Bocharov Ivan,1,0,Rodchenkov Vitaly
Kholopov Alexander A.,0,1,Oganian Miran
Skorodelov Semen,0,1,Savenkov Konstantin
Mestnikov Aital,1,0,Ofitserian Boris
Dvalishvili Pavel S.,1,0,Hakobyan Hovhannes H.
Yuferov Sergey N,0.5,0.5,Barseghyan Armen Ar.
Dolsonov Ayusha,0,1,Drygalov Sergey
Taalaibekov Tagir,1,0,Kukhmazov Arsen
Efanov Nikolai,1,0,Kavyev Ruslan
Ganerdene Sugar,0,1,Kalashian David
Ter-Saakian Grigorii,0,1,Naumkin Igor
Assaubayeva Bibisara,1,0,Kukelko Alexey
Muradli Mahammad,1,0,Lepaev Andrey
Astafurov Arseniy,0,1,Karpov Vadim
Nigmatov Ortik,1,0,Chibukhchyan Erik
Vetokhin Ilia,0,1,Skatchkov Valery
Bryakin Mikhail,1,0,Mochalin Faddey
Lauda Alexandr,0,1,Li Hong
Smaglov Konstantin,0.5,0.5,Sirosh Ilja
Guerrero Sierra Juan Carlos,0.5,0.5,Zaika Daniil
Murtazin Ruslan,1,0,Khmelev Mikhail
Avalyan Artur,1,0,Larina Marija
Pogosyan Stefan,0,1,Rakshitta Ravi
Syrchikov Alexander,0.5,0.5,Buniatyan David
Yagupov Igor,0,1,Makoveev Ilya
Sattarov Bobir,0.5,0.5,Manafov Vugar
Beletsky Alexey,1,0,Serikbay Assel
Cherepanov Vladislav,1,0,Mrykhin Igor
Ivanov Platon-Jaan,0.5,0.5,Yeritsyan Aram
Zavialov Nikita A.,0.5,0.5,Volovich Vasily
Uraev Ivan,0,1,Nurgali Nazerke
Ismagilov Damir,0.5,0.5,Kovalev Egor
Shubin Kirill,1,0,Yeritsyan Hayk
Fedotov Alexey,0,1,Nazaretyan Tigran
Martynyuk Elizaveta,0,1,Poliakov Artem
Ufimtsev Egor,0,1,Rozhkov Viacheslav
Konaplev Anton,0.5,0.5,Makarian Rudik
Marzano Carlo,0.5,0.5,Priyanka K
Vinogradov Vladimir,0,1,Murzin Volodar
Tugarin Anton,0.5,0.5,Yangutov Aleksey
Averyanov Grigori,0,1,Tarasov Oleg
Primbetov Kazbek,1,0,Nuristani Iman
Dzyga Artem,0,1,Matyunin Maxim
Garayev Kanan,0.5,0.5,Navrodskiy Boris
Bujakevich Aleksandr,0,1,Geshko Aleksey
Gurvich Vitaly,1,0,Kirillov Dmitry
Odegov Artem,0.5,0.5,Suleymanli Aydin
Salman Pavel,1,0,Varshini V
Dudin Gleb,0.5,0.5,Zherebtsova Alexandra
Aleksanyan Hrant,1,0,Khelemendik Roman
Chumachenko Alexander,1,0,Vysotskiy Oleg
Fitiak Sergey,0.5,0.5,Samadov Read
Efremov Vladislav,0,1,Rozanov Pavel B.
Kesidis Odyseas,1,0,Vrtiakova Anna
Shoboev Dandar,1,0,Shuvalov Evgenij
Vasilyev Alexey,0,1,Ageichenko Genadi A
Burhanov Vassily,0,1,Mamatov Melis
Pogorelskikh Sergey,1,0,Sibajeva Marija
Gavrilin Roman,0.5,0.5,Golikov Daniil
Pranizin Gennady,0,1,Shoshin Kirill
Atakishiyev Elmar,0,1,Kretov Evgenij
Pavlov Mark,0,1,Marinskii Yurii
Shaydullina Sandugach,1,0,Ivanov Artem T.
Sokolov Ilia,0,1,Bogaudinov Rushan
Kirushin Ivan,0,1,Guliev Gasan
Kutsanyan Andranik,1,0,Ochirbat Lkhagvajamts
Ahmadov Orkhan,0,1,Chernyak Viktoria
Gaifullin Artur,0,1,Nabaty Tamir
Vavulin Maksim,1,0,Samusenko Maksim
Fakhrutdinov Timur,0.5,0.5,Frolyanov Dmitry
Savchenko Boris,1,0,Yeletsky Ivan
Lomasov Semen,0.5,0.5,Vokhidov Shamsiddin
Harutjunyan Gevorg,0.5,0.5,Tsydypov Zhamsaran
Schekachikhin Maksim,1,0,Iljiushenok Ilia
Afanasiev Nikita,0.5,0.5,Belyakov Bogdan
Malyshev Grigory,1,0,Ivanov Oleg V
Tran Minh Thang,0,1,Shukh Nikolai
Urazayev Arystanbek,0.5,0.5,Sindarov Javokhir
Balajayeva Khanim,0.5,0.5,Kozionov Kirill
Salemgareev Tagir,0,1,Kokarev Dmitry
Timofeev Artyom,1,0,Geivondian Arman
Levin Evgeny A.,1,0,Tekeyev Zaur
Palachev Petr,1,0,Boruchovsky Avital
Mozharov Mikhail,1,0,Muradli Mahammad
Saiyn Zhanat,0,1,Bocharov Ivan
Sorokin Aleksey,0.5,0.5,Nigmatov Ortik
Karpov Vadim,0,1,Khegay Dmitriy
Zakhartsov Vladimir,1,0,Karpenko Artem
Shinkevich Vitaly,0.5,0.5,Gukesh D
Lobanov Sergei,1,0,Tarasov Alexandr
Skatchkov Valery,0,1,Drygalov Andrey
Baghdasaryan Vahe,0,1,Bryakin Mikhail
Oganian Miran,0.5,0.5,Saydaliev Saidakbar
Savenkov Konstantin,0,1,Bykov Egor
Li Hong,1,0,Ushenina Anna
Faizrakhmanov Ramil,0.5,0.5,Murtazin Ruslan
Mammadzada Gunay,0.5,0.5,Dvalishvili Pavel S.
Drygalov Sergey,0.5,0.5,Demianjuk Alexander
Erdenepurev Boldoo,1,0,Nozdrachev Leonid
Kardashevskiy Evgeny,1,0,Avalyan Artur
Lesovoi Evgenij,0.5,0.5,Efanov Nikolai
Korchmar Vasiliy,1,0,Davtyan Artur
Gorbatov Alexej,1,0,Mestnikov Aital
Kalashian David,1,0,Taalaibekov Tagir
Naumkin Igor,1,0,Marchuk Rostislav
Rakshitta Ravi,0.5,0.5,Assaubayeva Bibisara
Grachev Boris,1,0,Proleiko Julian
Ladva Ottomar,1,0,Murzin Volodar
Matinian Nikita,1,0,Tarasov Oleg
Matyunin Maxim,0,1,Golubov Saveliy
Geshko Aleksey,0,1,Usmanov Vasily
Rozanov Pavel B.,0,1,Khanin Semen
Ageichenko Genadi A,0,1,Zakaryan David
Mamatov Melis,0,1,Yuferov Sergey N
Kretov Evgenij,0.5,0.5,Sanzhaev Darsen
Murtazin Bulat,1,0,Primbetov Kazbek
Marinskii Yurii,0,1,Gubajdullin Alexei
Mischuk Dmitry,0.5,0.5,Gurvich Vitaly
Bogaudinov Rushan,0,1,Mukhutdinov Tigran
Guliev Gasan,0.5,0.5,Beletsky Alexey
Saveliev Alexei,0.5,0.5,Salman Pavel
Tsoi Dmitry,0.5,0.5,Aleksanyan Hrant
Boiarintsev Vitaly,0,1,Kesidis Odyseas
Chernyak Viktoria,1,0,Cherepanov Vladislav
Sirosh Ilja,1,0,Pogorelskikh Sergey
Makoveev Ilya,0,1,Guerrero Sierra Juan Carlos
Sawlin Leonid,1,0,Shaydullina Sandugach
Zubkov Vsevolod,0,1,Kutsanyan Andranik
Borisenko Viacheslav,1,0,Tsybikov Tumen
Nurgali Nazerke,0,1,Babarykin Stanislav
Cherenkov Andrey,1,0,Shapiro David
Bykov Oleg,1,0,Poliakov Artem
Perov German,0,1,Smirnov Timofey
Sakulo Denis,0.5,0.5,Chumachenko Alexander
Zaika Daniil,0.5,0.5,Shubin Kirill
Barseghyan Armen Ar.,1,0,Smaglov Konstantin
Nazaretyan Tigran,0,1,Shoboev Dandar
Rozhkov Viacheslav,0.5,0.5,Shoshin Kirill
Buniatyan David,0,1,Korennoi Viktor
Ofitserian Boris,0,1,Ganerdene Sugar
Kukhmazov Arsen,1,0,Astafurov Arseniy
Manafov Vugar,1,0,Syrchikov Alexander
Kukelko Alexey,1,0,Sattarov Bobir
Lepaev Andrey,1,0,Pogosyan Stefan
Yeritsyan Aram,1,0,Zavialov Nikita A.
Volovich Vasily,0,1,Ivanov Platon-Jaan
Makarian Rudik,1,0,Kholopov Alexander A.
Rodchenkov Vitaly,0.5,0.5,Ismagilov Damir
Kovalev Egor,0,1,Odegov Artem
Priyanka K,0,1,Konaplev Anton
Hakobyan Hovhannes H.,1,0,Ter-Saakian Grigorii
Chibukhchyan Erik,1,0,Marzano Carlo
Navrodskiy Boris,1,0,Tugarin Anton
Yangutov Aleksey,0,1,Garayev Kanan
Suleymanli Aydin,1,0,Dudin Gleb
Zherebtsova Alexandra,1,0,Vetokhin Ilia
Mochalin Faddey,0,1,Fitiak Sergey
Samadov Read,0.5,0.5,Skorodelov Semen
Golikov Daniil,1,0,Lauda Alexandr
Khmelev Mikhail,0,1,Dolsonov Ayusha
Kavyev Ruslan,1,0,Gavrilin Roman
Larina Marija,0,1,Yagupov Igor
Kirillov Dmitry,0,1,Uraev Ivan
Varshini V,1,0,Martynyuk Elizaveta
Vysotskiy Oleg,0,1,Efremov Vladislav
Shuvalov Evgenij,0,1,Vasilyev Alexey
Khelemendik Roman,0,1,Pranizin Gennady
Serikbay Assel,1,0,Burhanov Vassily
Mrykhin Igor,0.5,0.5,Atakishiyev Elmar
Yeritsyan Hayk,0,1,Pavlov Mark
Vrtiakova Anna,0,1,Fedotov Alexey
Sibajeva Marija,1,0,Ufimtsev Egor
Ivanov Artem T.,1,0,Vinogradov Vladimir
Sokolov Ilia,0,1,Averyanov Grigori
Kirushin Ivan,0,1,Dzyga Artem
Nuristani Iman,1,0,Ahmadov Orkhan
Ochirbat Lkhagvajamts,0,1,Bujakevich Aleksandr
Nabaty Tamir,1,0,Schekachikhin Maksim
Shukh Nikolai,1,0,Vavulin Maksim
Malyshev Grigory,0,1,Savchenko Boris
Kokarev Dmitry,0.5,0.5,Fakhrutdinov Timur
Frolyanov Dmitry,0.5,0.5,Harutjunyan Gevorg
Vokhidov Shamsiddin,0.5,0.5,Timofeev Artyom
Kardashevskiy Evgeny,0.5,0.5,Levin Evgeny A.
Korchmar Vasiliy,0,1,Mozharov Mikhail
Bocharov Ivan,1,0,Gorbatov Alexej
Kalashian David,0.5,0.5,Lomasov Semen
Tsydypov Zhamsaran,1,0,Naumkin Igor
Khegay Dmitriy,0,1,Afanasiev Nikita
Belyakov Bogdan,0.5,0.5,Palachev Petr
Bryakin Mikhail,1,0,Zakhartsov Vladimir
Bykov Egor,0.5,0.5,Lobanov Sergei
Drygalov Andrey,0.5,0.5,Li Hong
Sindarov Javokhir,1,0,Erdenepurev Boldoo
Kozionov Kirill,0,1,Urazayev Arystanbek
Iljiushenok Ilia,0.5,0.5,Balajayeva Khanim
Nigmatov Ortik,0,1,Grachev Boris
Saydaliev Saidakbar,0,1,Ladva Ottomar
Guerrero Sierra Juan Carlos,0,1,Sorokin Aleksey
Murtazin Ruslan,0,1,Matinian Nikita
Golubov Saveliy,1,0,Tran Minh Thang
Usmanov Vasily,0.5,0.5,Gukesh D
Khanin Semen,0.5,0.5,Sirosh Ilja
Demianjuk Alexander,0,1,Shinkevich Vitaly
Ivanov Oleg V,0,1,Mammadzada Gunay
Babarykin Stanislav,1,0,Oganian Miran
Smirnov Timofey,0.5,0.5,Faizrakhmanov Ramil
Korennoi Viktor,0,1,Gaifullin Artur
Samusenko Maksim,1,0,Sawlin Leonid
Zakaryan David,1,0,Borisenko Viacheslav
Dvalishvili Pavel S.,1,0,Bykov Oleg
Yuferov Sergey N,0,1,Lesovoi Evgenij
Kesidis Odyseas,0,1,Drygalov Sergey
Yeletsky Ivan,0.5,0.5,Barseghyan Armen Ar.
Efanov Nikolai,0.5,0.5,Chernyak Viktoria
Kutsanyan Andranik,0,1,Murtazin Bulat
Gubajdullin Alexei,0,1,Rakshitta Ravi
Assaubayeva Bibisara,0,1,Cherenkov Andrey
Shoboev Dandar,1,0,Mukhutdinov Tigran
Boruchovsky Avital,1,0,Suleymanli Aydin
Garayev Kanan,0,1,Baghdasaryan Vahe
Gurvich Vitaly,0.5,0.5,Savenkov Konstantin
Ushenina Anna,1,0,Zherebtsova Alexandra
Nozdrachev Leonid,1,0,Golikov Daniil
Salman Pavel,0.5,0.5,Kukhmazov Arsen
Sanzhaev Darsen,0.5,0.5,Kavyev Ruslan
Aleksanyan Hrant,1,0,Mischuk Dmitry
Fitiak Sergey,0,1,Salemgareev Tagir
Mestnikov Aital,0,1,Geivondian Arman
Tekeyev Zaur,0,1,Kretov Evgenij
Dolsonov Ayusha,0.5,0.5,Saiyn Zhanat
Muradli Mahammad,1,0,Guliev Gasan
Beletsky Alexey,0.5,0.5,Ganerdene Sugar
Taalaibekov Tagir,1,0,Saveliev Alexei
Manafov Vugar,0.5,0.5,Tsoi Dmitry
Karpenko Artem,1,0,Kukelko Alexey
Ivanov Platon-Jaan,1,0,Karpov Vadim
Tarasov Alexandr,1,0,Lepaev Andrey
Makarian Rudik,0,1,Skatchkov Valery
Navrodskiy Boris,0,1,Sakulo Denis
Avalyan Artur,1,0,Marchuk Rostislav
Odegov Artem,0,1,Yeritsyan Aram
Davtyan Artur,0.5,0.5,Chibukhchyan Erik
Shubin Kirill,1,0,Proleiko Julian
Chumachenko Alexander,0,1,Rozhkov Viacheslav
Konaplev Anton,1,0,Zaika Daniil
Shoshin Kirill,0,1,Hakobyan Hovhannes H.
Yagupov Igor,0.5,0.5,Bogaudinov Rushan
Serikbay Assel,1,0,Boiarintsev Vitaly
Cherepanov Vladislav,0.5,0.5,Makoveev Ilya
Tsybikov Tumen,0,1,Zubkov Vsevolod
Shapiro David,0.5,0.5,Nurgali Nazerke
Poliakov Artem,0.5,0.5,Rodchenkov Vitaly
Uraev Ivan,1,0,Ismagilov Damir
Averyanov Grigori,0,1,Nazaretyan Tigran
Murzin Volodar,0.5,0.5,Nuristani Iman
Tarasov Oleg,0,1,Perov German
Primbetov Kazbek,0.5,0.5,Varshini V
Fedotov Alexey,0.5,0.5,Matyunin Maxim
Dzyga Artem,0,1,Geshko Aleksey
Bujakevich Aleksandr,0,1,Rozanov Pavel B.
Skorodelov Semen,1,0,Sibajeva Marija
Smaglov Konstantin,0,1,Ageichenko Genadi A
Efremov Vladislav,0.5,0.5,Mamatov Melis
Pogorelskikh Sergey,0,1,Samadov Read
Pranizin Gennady,1,0,Ivanov Artem T.
Vasilyev Alexey,0,1,Marinskii Yurii
Shaydullina Sandugach,1,0,Buniatyan David
Pavlov Mark,0,1,Sattarov Bobir
Syrchikov Alexander,0.5,0.5,Priyanka K
Pogosyan Stefan,1,0,Yangutov Aleksey
Ter-Saakian Grigorii,0.5,0.5,Volovich Vasily
Kholopov Alexander A.,0.5,0.5,Mochalin Faddey
Dudin Gleb,0.5,0.5,Kovalev Egor
Marzano Carlo,0.5,0.5,Vetokhin Ilia
Tugarin Anton,1,0,Lauda Alexandr
Mrykhin Igor,0,1,Khmelev Mikhail
Astafurov Arseniy,1,0,Larina Marija
Zavialov Nikita A.,0,1,Gavrilin Roman
Atakishiyev Elmar,0.5,0.5,Vysotskiy Oleg
Martynyuk Elizaveta,1,0,Khelemendik Roman
Vrtiakova Anna,0.5,0.5,Shuvalov Evgenij
Burhanov Vassily,0,1,Yeritsyan Hayk
Ufimtsev Egor,1,0,Sokolov Ilia
Vinogradov Vladimir,1,0,Kirushin Ivan
Ahmadov Orkhan,1,0,Kirillov Dmitry
Savchenko Boris,0.5,0.5,Nabaty Tamir
Mozharov Mikhail,0.5,0.5,Shukh Nikolai
Afanasiev Nikita,0.5,0.5,Bocharov Ivan
Urazayev Arystanbek,1,0,Tsydypov Zhamsaran
Bryakin Mikhail,0.5,0.5,Sindarov Javokhir
Grachev Boris,0,1,Dvalishvili Pavel S.
Drygalov Sergey,0.5,0.5,Kokarev Dmitry
Vavulin Maksim,0.5,0.5,Harutjunyan Gevorg
Murtazin Bulat,0,1,Frolyanov Dmitry
Timofeev Artyom,0.5,0.5,Kardashevskiy Evgeny
Levin Evgeny A.,0.5,0.5,Vokhidov Shamsiddin
Lomasov Semen,1,0,Schekachikhin Maksim
Ladva Ottomar,1,0,Kalashian David
Sorokin Aleksey,0.5,0.5,Palachev Petr
Matinian Nikita,1,0,Malyshev Grigory
Li Hong,0.5,0.5,Belyakov Bogdan
Mammadzada Gunay,1,0,Golubov Saveliy
Shinkevich Vitaly,0,1,Bykov Egor
Lobanov Sergei,0.5,0.5,Babarykin Stanislav
Balajayeva Khanim,0,1,Drygalov Andrey
Gaifullin Artur,1,0,Lesovoi Evgenij
Cherenkov Andrey,0,1,Samusenko Maksim
Rakshitta Ravi,1,0,Zakaryan David
Fakhrutdinov Timur,1,0,Shoboev Dandar
Karpenko Artem,0,1,Boruchovsky Avital
Gukesh D,1,0,Iljiushenok Ilia
Skatchkov Valery,0.5,0.5,Khegay Dmitriy
Sirosh Ilja,1,0,Usmanov Vasily
Zakhartsov Vladimir,1,0,Tarasov Alexandr
Erdenepurev Boldoo,0,1,Khanin Semen
Baghdasaryan Vahe,0.5,0.5,Smirnov Timofey
Sakulo Denis,0,1,Ushenina Anna
Faizrakhmanov Ramil,0.5,0.5,Avalyan Artur
Yeritsyan Aram,0,1,Kozionov Kirill
Barseghyan Armen Ar.,1,0,Nozdrachev Leonid
Rozhkov Viacheslav,0,1,Yeletsky Ivan
Hakobyan Hovhannes H.,1,0,Efanov Nikolai
Kretov Evgenij,0,1,Korchmar Vasiliy
Gorbatov Alexej,1,0,Shubin Kirill
Naumkin Igor,1,0,Konaplev Anton
Salemgareev Tagir,0.5,0.5,Aleksanyan Hrant
Geivondian Arman,0.5,0.5,Taalaibekov Tagir
Chernyak Viktoria,0,1,Muradli Mahammad
Ivanov Oleg V,1,0,Ivanov Platon-Jaan
Oganian Miran,0.5,0.5,Uraev Ivan
Savenkov Konstantin,0.5,0.5,Korennoi Viktor
Nazaretyan Tigran,0.5,0.5,Yuferov Sergey N
Kukhmazov Arsen,0.5,0.5,Gurvich Vitaly
Geshko Aleksey,0.5,0.5,Sanzhaev Darsen
Salman Pavel,0,1,Gubajdullin Alexei
Rozanov Pavel B.,0.5,0.5,Assaubayeva Bibisara
Saiyn Zhanat,0.5,0.5,Kesidis Odyseas
Mukhutdinov Tigran,0.5,0.5,Skorodelov Semen
Ageichenko Genadi A,0,1,Beletsky Alexey
Tsoi Dmitry,1,0,Pranizin Gennady
Marinskii Yurii,0,1,Nigmatov Ortik
Tran Minh Thang,1,0,Dolsonov Ayusha
Kavyev Ruslan,0.5,0.5,Saydaliev Saidakbar
Ganerdene Sugar,1,0,Guerrero Sierra Juan Carlos
Sawlin Leonid,1,0,Kutsanyan Andranik
Chibukhchyan Erik,0,1,Murtazin Ruslan
Perov German,1,0,Demianjuk Alexander
Zubkov Vsevolod,0.5,0.5,Shaydullina Sandugach
Borisenko Viacheslav,0,1,Manafov Vugar
Bykov Oleg,1,0,Serikbay Assel
Samadov Read,0,1,Davtyan Artur
Guliev Gasan,0.5,0.5,Yagupov Igor
Mischuk Dmitry,1,0,Bogaudinov Rushan
Sattarov Bobir,1,0,Astafurov Arseniy
Makoveev Ilya,0.5,0.5,Tekeyev Zaur
Saveliev Alexei,1,0,Poliakov Artem
Karpov Vadim,0,1,Fedotov Alexey
Kukelko Alexey,0,1,Cherepanov Vladislav
Lepaev Andrey,0,1,Shapiro David
Nurgali Nazerke,0,1,Pogosyan Stefan
Rodchenkov Vitaly,1,0,Makarian Rudik
Marchuk Rostislav,0,1,Murzin Volodar
Proleiko Julian,0,1,Tugarin Anton
Zaika Daniil,0,1,Primbetov Kazbek
Matyunin Maxim,1,0,Navrodskiy Boris
Nuristani Iman,0,1,Garayev Kanan
Suleymanli Aydin,1,0,Chumachenko Alexander
Zherebtsova Alexandra,1,0,Odegov Artem
Varshini V,0,1,Fitiak Sergey
Khmelev Mikhail,0.5,0.5,Mestnikov Aital
Mamatov Melis,1,0,Shoshin Kirill
Golikov Daniil,1,0,Efremov Vladislav
Gavrilin Roman,1,0,Syrchikov Alexander
Boiarintsev Vitaly,1,0,Dzyga Artem
Volovich Vasily,1,0,Bujakevich Aleksandr
Ter-Saakian Grigorii,1,0,Kholopov Alexander A.
Kovalev Egor,0,1,Smaglov Konstantin
Mochalin Faddey,0,1,Martynyuk Elizaveta
Dudin Gleb,0.5,0.5,Marzano Carlo
Vetokhin Ilia,0,1,Tarasov Oleg
Vasilyev Alexey,1,0,Pogorelskikh Sergey
Sibajeva Marija,0,1,Tsybikov Tumen
Yeritsyan Hayk,1,0,Atakishiyev Elmar
Ismagilov Damir,1,0,Pavlov Mark
Priyanka K,0.5,0.5,Ochirbat Lkhagvajamts
Ivanov Artem T.,1,0,Ufimtsev Egor
Buniatyan David,0.5,0.5,Vinogradov Vladimir
Ahmadov Orkhan,1,0,Averyanov Grigori
Vysotskiy Oleg,0,1,Vrtiakova Anna
Shuvalov Evgenij,0,1,Yangutov Aleksey
Lauda Alexandr,1,0,Mrykhin Igor
Larina Marija,0,1,Zavialov Nikita A.
Kirillov Dmitry,1,0,Burhanov Vassily
Khelemendik Roman,0.5,0.5,Sokolov Ilia
Nabaty Tamir,1,0,Urazayev Arystanbek
Shukh Nikolai,1,0,Savchenko Boris
Frolyanov Dmitry,0,1,Gaifullin Artur
Samusenko Maksim,1,0,Mozharov Mikhail
Bocharov Ivan,0.5,0.5,Fakhrutdinov Timur
Dvalishvili Pavel S.,0,1,Lomasov Semen
Ladva Ottomar,0,1,Afanasiev Nikita
Bykov Egor,0,1,Matinian Nikita
Drygalov Andrey,1,0,Bryakin Mikhail
Sindarov Javokhir,0.5,0.5,Mammadzada Gunay
Kokarev Dmitry,1,0,Rakshitta Ravi
Yeletsky Ivan,0,1,Vavulin Maksim
Muradli Mahammad,0.5,0.5,Timofeev Artyom
Palachev Petr,0.5,0.5,Levin Evgeny A.
Boruchovsky Avital,1,0,Kardashevskiy Evgeny
Tsydypov Zhamsaran,0.5,0.5,Korchmar Vasiliy
Vokhidov Shamsiddin,0.5,0.5,Sorokin Aleksey
Belyakov Bogdan,0.5,0.5,Gorbatov Alexej
Zakhartsov Vladimir,1,0,Naumkin Igor
Khanin Semen,0.5,0.5,Gukesh D
Hakobyan Hovhannes H.,0,1,Lobanov Sergei
Ushenina Anna,1,0,Sirosh Ilja
Kozionov Kirill,0,1,Li Hong
Babarykin Stanislav,0,1,Drygalov Sergey
Harutjunyan Gevorg,1,0,Barseghyan Armen Ar.
Khegay Dmitriy,1,0,Tran Minh Thang
Golubov Saveliy,1,0,Skatchkov Valery
Murtazin Ruslan,1,0,Shinkevich Vitaly
Smirnov Timofey,0.5,0.5,Ivanov Oleg V
Avalyan Artur,0.5,0.5,Baghdasaryan Vahe
Lesovoi Evgenij,0.5,0.5,Faizrakhmanov Ramil
Zakaryan David,0,1,Sawlin Leonid
Davtyan Artur,0.5,0.5,Kalashian David
Aleksanyan Hrant,0,1,Murtazin Bulat
Gubajdullin Alexei,1,0,Bykov Oleg
Taalaibekov Tagir,0.5,0.5,Salemgareev Tagir
Manafov Vugar,1,0,Geivondian Arman
Beletsky Alexey,1,0,Balajayeva Khanim
Schekachikhin Maksim,1,0,Ganerdene Sugar
Shoboev Dandar,0.5,0.5,Tsoi Dmitry
Malyshev Grigory,1,0,Cherenkov Andrey
Nigmatov Ortik,1,0,Perov German
Iljiushenok Ilia,1,0,Nazaretyan Tigran
Usmanov Vasily,1,0,Rozhkov Viacheslav
Konaplev Anton,0.5,0.5,Oganian Miran
Murzin Volodar,1,0,Savenkov Konstantin
Yuferov Sergey N,0.5,0.5,Korennoi Viktor
Nozdrachev Leonid,1,0,Matyunin Maxim
Tugarin Anton,0.5,0.5,Kukhmazov Arsen
Sanzhaev Darsen,1,0,Suleymanli Aydin
Primbetov Kazbek,1,0,Mischuk Dmitry
Assaubayeva Bibisara,0.5,0.5,Geshko Aleksey
Sattarov Bobir,1,0,Zherebtsova Alexandra
Garayev Kanan,0.5,0.5,Saiyn Zhanat
Gurvich Vitaly,0.5,0.5,Mukhutdinov Tigran
Fitiak Sergey,1,0,Saveliev Alexei
Kesidis Odyseas,0,1,Karpenko Artem
Cherepanov Vladislav,0.5,0.5,Rozanov Pavel B.
Saydaliev Saidakbar,0.5,0.5,Mamatov Melis
Skorodelov Semen,0,1,Zubkov Vsevolod
Shaydullina Sandugach,0,1,Erdenepurev Boldoo
Shapiro David,0,1,Golikov Daniil
Ivanov Platon-Jaan,0,1,Sakulo Denis
Pogosyan Stefan,0.5,0.5,Kretov Evgenij
Fedotov Alexey,0,1,Yeritsyan Aram
Gavrilin Roman,0,1,Rodchenkov Vitaly
Uraev Ivan,0.5,0.5,Kavyev Ruslan
Shubin Kirill,1,0,Chernyak Viktoria
Yagupov Igor,1,0,Yeritsyan Hayk
Tekeyev Zaur,0.5,0.5,Guliev Gasan
Kutsanyan Andranik,0,1,Boiarintsev Vitaly
Guerrero Sierra Juan Carlos,0.5,0.5,Chibukhchyan Erik
Demianjuk Alexander,0.5,0.5,Makoveev Ilya
Serikbay Assel,0,1,Borisenko Viacheslav
Tsybikov Tumen,1,0,Volovich Vasily
Martynyuk Elizaveta,1,0,Ter-Saakian Grigorii
Tarasov Oleg,0,1,Samadov Read
Ismagilov Damir,0.5,0.5,Salman Pavel
Khmelev Mikhail,0,1,Ageichenko Genadi A
Mestnikov Aital,0,1,Vasilyev Alexey
Pranizin Gennady,1,0,Ahmadov Orkhan
Dolsonov Ayusha,1,0,Ivanov Artem T.
Smaglov Konstantin,1,0,Marinskii Yurii
Marzano Carlo,1,0,Nuristani Iman
Bogaudinov Rushan,0,1,Navrodskiy Boris
Yangutov Aleksey,1,0,Kukelko Alexey
Odegov Artem,0.5,0.5,Nurgali Nazerke
Astafurov Arseniy,0,1,Dudin Gleb
Poliakov Artem,0,1,Varshini V
Zavialov Nikita A.,0,1,Zaika Daniil
Chumachenko Alexander,0.5,0.5,Lepaev Andrey
Lauda Alexandr,0,1,Marchuk Rostislav
Makarian Rudik,1,0,Buniatyan David
Efremov Vladislav,0,1,Priyanka K
Vinogradov Vladimir,0.5,0.5,Vrtiakova Anna
Ochirbat Lkhagvajamts,1,0,Proleiko Julian
Shoshin Kirill,0,1,Kholopov Alexander A.
Syrchikov Alexander,0,1,Kirillov Dmitry
Pogorelskikh Sergey,0.5,0.5,Mochalin Faddey
Ufimtsev Egor,0,1,Atakishiyev Elmar
Averyanov Grigori,1,0,Sibajeva Marija
Dzyga Artem,0,1,Pavlov Mark
Bujakevich Aleksandr,0.5,0.5,Kirushin Ivan
Vetokhin Ilia,1,0,Shuvalov Evgenij
Vysotskiy Oleg,0.5,0.5,Khelemendik Roman
Mrykhin Igor,1,0,Larina Marija
Sokolov Ilia,1,0,Burhanov Vassily
Shukh Nikolai,0,1,Nabaty Tamir
Lomasov Semen,1,0,Gaifullin Artur
Matinian Nikita,0.5,0.5,Samusenko Maksim
Afanasiev Nikita,1,0,Drygalov Andrey
Li Hong,0,1,Kokarev Dmitry
Vavulin Maksim,1,0,Sindarov Javokhir
Savchenko Boris,1,0,Ushenina Anna
Fakhrutdinov Timur,0.5,0.5,Boruchovsky Avital
Drygalov Sergey,0.5,0.5,Bocharov Ivan
Urazayev Arystanbek,0,1,Zakhartsov Vladimir
Lobanov Sergei,0,1,Harutjunyan Gevorg
Mammadzada Gunay,0.5,0.5,Frolyanov Dmitry
Timofeev Artyom,1,0,Gubajdullin Alexei
Levin Evgeny A.,0,1,Muradli Mahammad
Mozharov Mikhail,1,0,Beletsky Alexey
Murtazin Bulat,0,1,Tsydypov Zhamsaran
Palachev Petr,0.5,0.5,Ladva Ottomar
Sorokin Aleksey,0,1,Schekachikhin Maksim
Khegay Dmitriy,1,0,Malyshev Grigory
Nigmatov Ortik,0.5,0.5,Belyakov Bogdan
Gukesh D,0.5,0.5,Golubov Saveliy
Bryakin Mikhail,0.5,0.5,Khanin Semen
Sawlin Leonid,0,1,Dvalishvili Pavel S.
Rakshitta Ravi,0,1,Vokhidov Shamsiddin
Korchmar Vasiliy,1,0,Bykov Egor
Gorbatov Alexej,0.5,0.5,Murtazin Ruslan
Iljiushenok Ilia,1,0,Manafov Vugar
Erdenepurev Boldoo,1,0,Usmanov Vasily
Ivanov Oleg V,0.5,0.5,Babarykin Stanislav
Baghdasaryan Vahe,0,1,Lesovoi Evgenij
Faizrakhmanov Ramil,0,1,Davtyan Artur
Sakulo Denis,0.5,0.5,Kozionov Kirill
Yeritsyan Aram,0,1,Nozdrachev Leonid
Rodchenkov Vitaly,0,1,Yeletsky Ivan
Kardashevskiy Evgeny,0.5,0.5,Smirnov Timofey
Kalashian David,0,1,Avalyan Artur
Barseghyan Armen Ar.,0,1,Sanzhaev Darsen
Naumkin Igor,0,1,Shubin Kirill
Salemgareev Tagir,0,1,Hakobyan Hovhannes H.
Golikov Daniil,1,0,Sattarov Bobir
Tsoi Dmitry,0,1,Murzin Volodar
Karpenko Artem,1,0,Primbetov Kazbek
Sirosh Ilja,0,1,Fitiak Sergey
Zubkov Vsevolod,0.5,0.5,Taalaibekov Tagir
Shinkevich Vitaly,0.5,0.5,Shoboev Dandar
Korennoi Viktor,1,0,Oganian Miran
Geshko Aleksey,0.5,0.5,Zakaryan David
Rozanov Pavel B.,0,1,Yuferov Sergey N
Kukhmazov Arsen,0.5,0.5,Konaplev Anton
Ageichenko Genadi A,0,1,Yagupov Igor
Mamatov Melis,0,1,Assaubayeva Bibisara
Geivondian Arman,0.5,0.5,Tugarin Anton
Saiyn Zhanat,0.5,0.5,Gurvich Vitaly
Mukhutdinov Tigran,1,0,Garayev Kanan
Boiarintsev Vitaly,1,0,Aleksanyan Hrant
Tran Minh Thang,0.5,0.5,Pranizin Gennady
Kretov Evgenij,0,1,Cherepanov Vladislav
Skatchkov Valery,1,0,Dolsonov Ayusha
Ganerdene Sugar,0,1,Saydaliev Saidakbar
Borisenko Viacheslav,0,1,Kavyev Ruslan
Bykov Oleg,1,0,Tsybikov Tumen
Balajayeva Khanim,0.5,0.5,Smaglov Konstantin
Cherenkov Andrey,0,1,Pogosyan Stefan
Perov German,0,1,Uraev Ivan
Samadov Read,0,1,Martynyuk Elizaveta
Savenkov Konstantin,0.5,0.5,Vasilyev Alexey
Mischuk Dmitry,0.5,0.5,Guliev Gasan
Chernyak Viktoria,0,1,Tekeyev Zaur
Saveliev Alexei,0.5,0.5,Ivanov Platon-Jaan
Marchuk Rostislav,0,1,Guerrero Sierra Juan Carlos
Priyanka K,0.5,0.5,Demianjuk Alexander
Makoveev Ilya,1,0,Shapiro David
Nazaretyan Tigran,1,0,Ismagilov Damir
Rozhkov Viacheslav,1,0,Fedotov Alexey
Navrodskiy Boris,1,0,Marzano Carlo
Matyunin Maxim,0,1,Makarian Rudik
Suleymanli Aydin,1,0,Yangutov Aleksey
Salman Pavel,1,0,Gavrilin Roman
Zherebtsova Alexandra,0,1,Ochirbat Lkhagvajamts
Chibukhchyan Erik,0.5,0.5,Kesidis Odyseas
Dudin Gleb,0.5,0.5,Skorodelov Semen
Varshini V,0,1,Shaydullina Sandugach
Zaika Daniil,0.5,0.5,Volovich Vasily
Kholopov Alexander A.,0,1,Odegov Artem
Kirillov Dmitry,1,0,Tarasov Oleg
Ter-Saakian Grigorii,1,0,Mestnikov Aital
Marinskii Yurii,1,0,Chumachenko Alexander
Atakishiyev Elmar,0,1,Kutsanyan Andranik
Ivanov Artem T.,0,1,Serikbay Assel
Nurgali Nazerke,0.5,0.5,Vetokhin Ilia
Yeritsyan Hayk,1,0,Khmelev Mikhail
Lepaev Andrey,0.5,0.5,Vrtiakova Anna
Ahmadov Orkhan,0,1,Vinogradov Vladimir
Pavlov Mark,0.5,0.5,Averyanov Grigori
Nuristani Iman,1,0,Pogorelskikh Sergey
Bogaudinov Rushan,1,0,Bujakevich Aleksandr
Kukelko Alexey,1,0,Lauda Alexandr
Mochalin Faddey,0.5,0.5,Mrykhin Igor
Shoshin Kirill,0,1,Astafurov Arseniy
Buniatyan David,0,1,Poliakov Artem
Kirushin Ivan,0,1,Zavialov Nikita A.
Proleiko Julian,1,0,Sokolov Ilia
Ufimtsev Egor,1,0,Efremov Vladislav
Khelemendik Roman,0,1,Syrchikov Alexander
Sibajeva Marija,1,0,Vysotskiy Oleg
Larina Marija,0,1,Dzyga Artem
Burhanov Vassily,1,0,Shuvalov Evgenij
Nabaty Tamir,0,1,Lomasov Semen
Zakhartsov Vladimir,1,0,Afanasiev Nikita
Kokarev Dmitry,0.5,0.5,Vavulin Maksim
Samusenko Maksim,1,0,Savchenko Boris
Harutjunyan Gevorg,0.5,0.5,Matinian Nikita
Boruchovsky Avital,1,0,Shukh Nikolai
Dvalishvili Pavel S.,0,1,Timofeev Artyom
Vokhidov Shamsiddin,0,1,Mozharov Mikhail
Bocharov Ivan,0.5,0.5,Korchmar Vasiliy
Tsydypov Zhamsaran,0.5,0.5,Fakhrutdinov Timur
Muradli Mahammad,0,1,Khegay Dmitriy
Drygalov Andrey,1,0,Drygalov Sergey
Gaifullin Artur,1,0,Mammadzada Gunay
Schekachikhin Maksim,0.5,0.5,Golubov Saveliy
Frolyanov Dmitry,0,1,Gukesh D
Murtazin Ruslan,0,1,Ladva Ottomar
Avalyan Artur,0,1,Iljiushenok Ilia
Belyakov Bogdan,0,1,Bryakin Mikhail
Khanin Semen,1,0,Li Hong
Lesovoi Evgenij,0.5,0.5,Lobanov Sergei
Sindarov Javokhir,1,0,Hakobyan Hovhannes H.
Ushenina Anna,0,1,Urazayev Arystanbek
Nozdrachev Leonid,0,1,Murzin Volodar
Yeletsky Ivan,1,0,Erdenepurev Boldoo
Sanzhaev Darsen,0.5,0.5,Golikov Daniil
Davtyan Artur,1,0,Karpenko Artem
Shubin Kirill,0,1,Palachev Petr
Fitiak Sergey,0,1,Nigmatov Ortik
Saydaliev Saidakbar,0,1,Levin Evgeny A.
Bykov Egor,0,1,Sorokin Aleksey
Pogosyan Stefan,1,0,Ivanov Oleg V
Kozionov Kirill,1,0,Sawlin Leonid
Yuferov Sergey N,1,0,Zubkov Vsevolod
Uraev Ivan,0,1,Kardashevskiy Evgeny
Yagupov Igor,1,0,Bykov Oleg
Smirnov Timofey,0.5,0.5,Murtazin Bulat
Gubajdullin Alexei,0,1,Sakulo Denis
Assaubayeva Bibisara,1,0,Martynyuk Elizaveta
Korennoi Viktor,1,0,Mukhutdinov Tigran
Kavyev Ruslan,0.5,0.5,Beletsky Alexey
Taalaibekov Tagir,1,0,Boiarintsev Vitaly
Manafov Vugar,0,1,Malyshev Grigory
Cherepanov Vladislav,0,1,Rakshitta Ravi
Shoboev Dandar,0,1,Skatchkov Valery
Usmanov Vasily,0,1,Rodchenkov Vitaly
Konaplev Anton,0.5,0.5,Shinkevich Vitaly
Tugarin Anton,0,1,Baghdasaryan Vahe
Primbetov Kazbek,0.5,0.5,Faizrakhmanov Ramil
Zakaryan David,1,0,Barseghyan Armen Ar.
Pranizin Gennady,0,1,Kukhmazov Arsen
Gurvich Vitaly,0,1,Kalashian David
Shaydullina Sandugach,0,1,Naumkin Igor
Makoveev Ilya,0.5,0.5,Salemgareev Tagir
Sattarov Bobir,1,0,Nazaretyan Tigran
Makarian Rudik,0,1,Geivondian Arman
Tekeyev Zaur,1,0,Rozhkov Viacheslav
Navrodskiy Boris,0.5,0.5,Saiyn Zhanat
Tsoi Dmitry,1,0,Geshko Aleksey
Smaglov Konstantin,0,1,Tran Minh Thang
Vasilyev Alexey,0,1,Sirosh Ilja
Guerrero Sierra Juan Carlos,0.5,0.5,Suleymanli Aydin
Ochirbat Lkhagvajamts,0.5,0.5,Balajayeva Khanim
Yeritsyan Aram,1,0,Salman Pavel
Kutsanyan Andranik,0,1,Savenkov Konstantin
Ganerdene Sugar,0.5,0.5,Mischuk Dmitry
Serikbay Assel,0,1,Saveliev Alexei
Demianjuk Alexander,1,0,Cherenkov Andrey
Yeritsyan Hayk,0.5,0.5,Borisenko Viacheslav
Garayev Kanan,1,0,Priyanka K
Aleksanyan Hrant,0.5,0.5,Chibukhchyan Erik
Tsybikov Tumen,0.5,0.5,Rozanov Pavel B.
Kesidis Odyseas,1,0,Kirillov Dmitry
Skorodelov Semen,0.5,0.5,Ter-Saakian Grigorii
Ivanov Platon-Jaan,1,0,Ageichenko Genadi A
Vinogradov Vladimir,1,0,Mamatov Melis
Odegov Artem,1,0,Kretov Evgenij
Dolsonov Ayusha,0,1,Dudin Gleb
Perov German,0.5,0.5,Marinskii Yurii
Guliev Gasan,0.5,0.5,Zaika Daniil
Marzano Carlo,1,0,Samadov Read
Volovich Vasily,1,0,Marchuk Rostislav
Averyanov Grigori,0,1,Matyunin Maxim
Fedotov Alexey,0,1,Bogaudinov Rushan
Yangutov Aleksey,0.5,0.5,Chernyak Viktoria
Vetokhin Ilia,0.5,0.5,Kukelko Alexey
Vrtiakova Anna,0,1,Nurgali Nazerke
Astafurov Arseniy,0,1,Proleiko Julian
Poliakov Artem,0,1,Nuristani Iman
Zavialov Nikita A.,1,0,Varshini V
Pavlov Mark,1,0,Lepaev Andrey
Ismagilov Damir,0.5,0.5,Gavrilin Roman
Syrchikov Alexander,0.5,0.5,Mochalin Faddey
Kholopov Alexander A.,1,0,Khmelev Mikhail
Tarasov Oleg,1,0,Sibajeva Marija
Mestnikov Aital,0,1,Atakishiyev Elmar
Mrykhin Igor,0.5,0.5,Ivanov Artem T.
Chumachenko Alexander,0,1,Ufimtsev Egor
Dzyga Artem,1,0,Ahmadov Orkhan
Pogorelskikh Sergey,1,0,Shoshin Kirill
Sokolov Ilia,1,0,Bujakevich Aleksandr
Lauda Alexandr,1,0,Buniatyan David
Efremov Vladislav,1,0,Kirushin Ivan
Burhanov Vassily,1,0,Khelemendik Roman
Vysotskiy Oleg,1,0,Larina Marija
Lomasov Semen,1,0,Samusenko Maksim
Nabaty Tamir,1,0,Zakhartsov Vladimir
Khegay Dmitriy,0.5,0.5,Kokarev Dmitry
Vavulin Maksim,1,0,Drygalov Andrey
Timofeev Artyom,1,0,Gaifullin Artur
Afanasiev Nikita,1,0,Boruchovsky Avital
Mozharov Mikhail,0.5,0.5,Harutjunyan Gevorg
Matinian Nikita,0.5,0.5,Savchenko Boris
Palachev Petr,0.5,0.5,Bocharov Ivan
Nigmatov Ortik,0.5,0.5,Tsydypov Zhamsaran
Ladva Ottomar,0.5,0.5,Korchmar Vasiliy
Bryakin Mikhail,0.5,0.5,Iljiushenok Ilia
Murzin Volodar,0.5,0.5,Khanin Semen
Shukh Nikolai,1,0,Schekachikhin Maksim
Gukesh D,0,1,Sindarov Javokhir
Fakhrutdinov Timur,1,0,Davtyan Artur
Urazayev Arystanbek,0,1,Yeletsky Ivan
Levin Evgeny A.,1,0,Assaubayeva Bibisara
Sorokin Aleksey,1,0,Muradli Mahammad
Golubov Saveliy,1,0,Pogosyan Stefan
Lobanov Sergei,1,0,Korennoi Viktor
Malyshev Grigory,0,1,Kozionov Kirill
Skatchkov Valery,0.5,0.5,Dvalishvili Pavel S.
Mammadzada Gunay,1,0,Yuferov Sergey N
Drygalov Sergey,1,0,Lesovoi Evgenij
Sakulo Denis,0,1,Vokhidov Shamsiddin
Kardashevskiy Evgeny,1,0,Taalaibekov Tagir
Sanzhaev Darsen,1,0,Rakshitta Ravi
Golikov Daniil,1,0,Yagupov Igor
Karpenko Artem,0.5,0.5,Frolyanov Dmitry
Tran Minh Thang,1,0,Belyakov Bogdan
Baghdasaryan Vahe,1,0,Tsoi Dmitry
Rodchenkov Vitaly,0,1,Ushenina Anna
Li Hong,0.5,0.5,Zakaryan David
Sirosh Ilja,0.5,0.5,Nozdrachev Leonid
Kukhmazov Arsen,1,0,Murtazin Ruslan
Kalashian David,1,0,Smirnov Timofey
Naumkin Igor,0.5,0.5,Avalyan Artur
Murtazin Bulat,1,0,Yeritsyan Aram
Erdenepurev Boldoo,0,1,Sattarov Bobir
Geivondian Arman,0.5,0.5,Shubin Kirill
Hakobyan Hovhannes H.,0,1,Tekeyev Zaur
Beletsky Alexey,1,0,Fitiak Sergey
Ivanov Oleg V,1,0,Kavyev Ruslan
Shinkevich Vitaly,0.5,0.5,Uraev Ivan
Savenkov Konstantin,0.5,0.5,Konaplev Anton
Faizrakhmanov Ramil,1,0,Garayev Kanan
Balajayeva Khanim,1,0,Gubajdullin Alexei
Salemgareev Tagir,1,0,Primbetov Kazbek
Saiyn Zhanat,1,0,Makoveev Ilya
Mukhutdinov Tigran,0.5,0.5,Kesidis Odyseas
Saveliev Alexei,1,0,Manafov Vugar
Boiarintsev Vitaly,0,1,Ivanov Platon-Jaan
Cherepanov Vladislav,1,0,Vinogradov Vladimir
Martynyuk Elizaveta,0,1,Saydaliev Saidakbar
Suleymanli Aydin,0.5,0.5,Bykov Egor
Guerrero Sierra Juan Carlos,1,0,Navrodskiy Boris
Sawlin Leonid,1,0,Odegov Artem
Dudin Gleb,0,1,Demianjuk Alexander
Zubkov Vsevolod,0,1,Shoboev Dandar
Bykov Oleg,1,0,Ochirbat Lkhagvajamts
Marinskii Yurii,0,1,Usmanov Vasily
Mischuk Dmitry,1,0,Shaydullina Sandugach
Borisenko Viacheslav,0.5,0.5,Guliev Gasan
Volovich Vasily,0,1,Ganerdene Sugar
Barseghyan Armen Ar.,0.5,0.5,Tsybikov Tumen
Nazaretyan Tigran,1,0,Yeritsyan Hayk
Rozhkov Viacheslav,1,0,Zavialov Nikita A.
Nurgali Nazerke,1,0,Marzano Carlo
Chibukhchyan Erik,0.5,0.5,Tugarin Anton
Matyunin Maxim,0,1,Perov German
Geshko Aleksey,0.5,0.5,Makarian Rudik
Proleiko Julian,1,0,Gurvich Vitaly
Salman Pavel,1,0,Smaglov Konstantin
Nuristani Iman,0.5,0.5,Aleksanyan Hrant
Rozanov Pavel B.,0.5,0.5,Vasilyev Alexey
Zaika Daniil,0,1,Skorodelov Semen
Ter-Saakian Grigorii,1,0,Pranizin Gennady
Ageichenko Genadi A,0.5,0.5,Pavlov Mark
Priyanka K,0,1,Kholopov Alexander A.
Ufimtsev Egor,0.5,0.5,Tarasov Oleg
Mamatov Melis,0,1,Ismagilov Damir
Kretov Evgenij,1,0,Yangutov Aleksey
Kirillov Dmitry,0.5,0.5,Dolsonov Ayusha
Samadov Read,0.5,0.5,Kutsanyan Andranik
Chernyak Viktoria,1,0,Dzyga Artem
Gavrilin Roman,0.5,0.5,Kukelko Alexey
Atakishiyev Elmar,0.5,0.5,Serikbay Assel
Cherenkov Andrey,1,0,Vetokhin Ilia
Averyanov Grigori,0,1,Syrchikov Alexander
Varshini V,1,0,Pogorelskikh Sergey
Efremov Vladislav,1,0,Mrykhin Igor
Mochalin Faddey,0.5,0.5,Astafurov Arseniy
Poliakov Artem,1,0,Lauda Alexandr
Lepaev Andrey,1,0,Sokolov Ilia
Marchuk Rostislav,0.5,0.5,Vrtiakova Anna
Ivanov Artem T.,0,1,Fedotov Alexey
Khmelev Mikhail,1,0,Vysotskiy Oleg
Sibajeva Marija,0,1,Mestnikov Aital
Ahmadov Orkhan,0,1,Chumachenko Alexander
Bujakevich Aleksandr,0,1,Burhanov Vassily
Shuvalov Evgenij,1,0,Buniatyan David
Kirushin Ivan,0,1,Shoshin Kirill
Khelemendik Roman,1,0,Larina Marija
